filename,label
task3/J230s6yyYxS9D17w.png,9019
task3/8FbEKDFjOts0Zdzh.png,9Z19
task3/lUXo5RCSYLKm3Tf9.png,9569
task3/aNBgLD8dGPrX7qA0.png,2119
task3/7VKSsZTl7ctVCBHV.png,1429
task3/c2mxpacCc7SdD9Tk.png,1077
task3/4P2Wq0971XJ2w26v.png,8355
task3/1tFHZ1wB8xsOJjtV.png,9019
task3/NcSub9WjkQfOWqhi.png,9533
task3/Ai2LSpgV7HpmNNcm.png,9674
task3/Q9Tt1JXkiTRJObU6.png,9129
task3/iiB0DY4WWI3gPjtw.png,9Z12
task3/3J6vdnmHSPsLPnTm.png,7669
task3/240g0aZVnXhFUihl.png,0Z29
task3/rvwYUQoq6WjLKhov.png,9239
task3/ctd2XuI7h3dTcxJ3.png,3Z39
task3/qvgtQYTWzc5GG9zj.png,4077
task3/ljYpSjrX5EWGkspj.png,9Z29
task3/xVYlpThUZMDYiBqf.png,9669
task3/TY6JutD4CFvzVp9M.png,9669
task3/8atWZBu8bUFQCfUv.png,9349
task3/0SYM10WTpq6bLwQP.png,9400
task3/Mc2JRN1aFwGIzvcX.png,9569
task3/uUSYtopQhRvTajXL.png,9P19
task3/sYZlYkr1hQp01O6u.png,1439
task3/fZV3UXGWFrykiTcr.png,9Z39
task3/ksvUZIlCBoN26zcn.png,9679
task3/Wqkpn7zuTaptKXIu.png,5239
task3/lhFiDBLqHWmEqfZs.png,9019
task3/7eWfSEKBk9FRx1F0.png,9539
task3/IpgmLHurKiahqy5T.png,4001
task3/JR1vZJ0KUXSV6G2w.png,9619
task3/0Br3PVWlfhBvHLVO.png,9449
task3/iz6xzBoJbgJE6mYA.png,9239
task3/CzFzWoZKZzG4I9HG.png,1029
task3/5AWovWQ6cJ0B5b3W.png,9212
task3/SKyKL6I2IomVB1zH.png,9644
task3/0l3SzIVoXzjJkgCc.png,9489
task3/zF5KWu2S0VWvfhFm.png,9669
task3/Pyem8X4UajWRr499.png,9439
task3/XWKHfQNW57dRrVkJ.png,9239
task3/jCoHa6z1NSYT4S1P.png,9566
task3/oSXoeTF13UmU95wM.png,4067
task3/WGUOxFPJF25Q3r27.png,9419
task3/cn1ky6lRxRHmWnXj.png,9Z88
task3/P74Oq4PV0gRIKnFr.png,9366
task3/ZPKXsxWJ1ZhMdXLn.png,9569
task3/87HroSpEpWzNWY32.png,9Z09
task3/5gEp1jR9jNNfuqlk.png,9539
task3/AfBVRX6VOwGt51JC.png,9122
task3/vXJxLOMnTsvM7TE6.png,9604
task3/AqNKCdMieotEe6df.png,9679
task3/pqPgSUFEQkMSLPV5.png,9439
task3/tvUTmJL24Ht9ypCn.png,9459
task3/NzcZRoo9oun7CD5E.png,9000
task3/0dz3bF290JJtrNKX.png,9379
task3/8EjoKT1y9cGI5zsL.png,9579
task3/EJMmbGGLhMluv6hO.png,9679
task3/Ey797H88nPy8nRbk.png,9789
task3/EOwcLGNJAvZfXtXJ.png,5059
task3/EeQVw2rFKKmLCOgO.png,3266
task3/46XGuHZtWexNg6Jc.png,9619
task3/aarfVdiF5MyuxdML.png,9277
task3/o40T0SNtipgsvjar.png,9709
task3/o3MjZ4IojIwFOBsV.png,9655
task3/kgbeHiaeaX2lMhQQ.png,9018
task3/oajomX54FfsQFpJw.png,9409
task3/UpXMT8cAHv9PH4lG.png,9519
task3/2N2jCnpV2LaA1mDz.png,9Z09
task3/2Mrk0lURu9ZFW3QE.png,9177
task3/Ka4OZdnpRovMkDTH.png,9379
task3/KNAVilQ02bJxycG6.png,7469
task3/n4LiDAk0QnvKDQbr.png,9Z88
task3/EtpA1p8m4Fe1YJrn.png,9019
task3/BxizUgUWTeCCCaNn.png,9100
task3/aijz2lCd91lCVSYr.png,9530
task3/Z1cQJ8SkmTxM6RQL.png,9129
task3/YAb8oHQNAVTRiXY8.png,9629
task3/drjUlNNzAdFEjhWq.png,2239
task3/aJFZqpm4vy1GDiLF.png,4349
task3/EgFHulrLmHPcJkFU.png,9562
task3/QtW6X4wS6f6sHXct.png,5Z39
task3/jyczk4wMFDtYNCjC.png,9266
task3/Fp10yKo1pnjnMlcT.png,9649
task3/q9BVcFbNyL1gNhqu.png,9P49
task3/WPF6h6FTGNIYd3o6.png,3279
task3/hHk8fr4oyDqyYCYE.png,6288
task3/4fGzkacCnfmYFTcM.png,9079
task3/Sg3mtdXCUMuNJmK9.png,9Z29
task3/iFNP5toaQKCXP0og.png,0665
task3/INYnfWrxCUUpnT6u.png,9239
task3/dJ3wypbksbZd3klK.png,9371
task3/RHkSzos0hwFxTlWV.png,9569
task3/diVqvAFUwvkPRFBn.png,9129
task3/TpeZ7jqtfoAdNvli.png,9Q19
task3/Zw4nQHHsxLqW5Biv.png,9188
task3/9MtCgPitmAGEwWLF.png,9419
task3/mqbQ43WHX8r7LGbj.png,9421
task3/8h5BbBBLhPhp1tmT.png,9Z01
task3/U2nFu1xjBeHlRUps.png,7349
task3/pYLm5XsAeWUKhjdq.png,9129
task3/sMh8rQQi3uqhe7ou.png,9085
task3/xE3Ip8VSplijD3cU.png,9067
task3/Xk5RVGZcBzU7pkkW.png,9349
task3/bISjRhKtxqWBqls5.png,3069
task3/ypLNK6lOpOlclbch.png,9669
task3/hJvtuv2gP0sUef9g.png,9655
task3/z5bRl1jMaD7gqyGZ.png,2469
task3/ZbZiIxihcPijysn3.png,9459
task3/SQyrALxB6HtXgYsE.png,9400
task3/3l7TJ9iNvv2gjiIv.png,9689
task3/Ag0PdvXBivuEql4v.png,9Z52
task3/qHDbkni2G4i8WMqu.png,9533
task3/JMNOTAMGWOAMyT1D.png,9Z19
task3/0XjieS3h2nU6hxrY.png,9014
task3/WAFQNTnGPVMXEFG3.png,9455
task3/q3GD0mpTQvm1ZTHN.png,4329
task3/AWAgQvIrdPOWHRtQ.png,9655
task3/UGp3qPKeB520XifE.png,9019
task3/v8LWRz7G54dZTkeq.png,9769
task3/GTJASQbCgXRYUBol.png,9Z29
task3/gaqBqUHO1lHXtvVv.png,3569
task3/Cegyxuarz3hfEQRu.png,9319
task3/4VvJwB8155m2Ih37.png,9037
task3/YD7TCPGHxXz5Ypcb.png,9122
task3/TfHufCmcKgrQiwUy.png,1019
task3/87JHTOeKlt6utPH6.png,6569
task3/hmkhZZ0ifpugFSOx.png,9449
task3/CUlNDUuqArgsPahV.png,9119
task3/SPab4fqAyUV5Vql4.png,9419
task3/7kgvGWTGzNln5y5B.png,9Z19
task3/B5X9zgFrTyQjUqZS.png,6539
task3/M9m2VWY1kLmiKyrh.png,2569
task3/hB2WRgsx2OSmFTxc.png,9309
task3/C3ly34JTe9sduSxp.png,0Z29
task3/NpoGY1J5hUO9JR9P.png,9674
task3/x4V5VA2ppC8f9fcK.png,9140
task3/MHdB6kgo03VOjD1p.png,8314
task3/XEctfO9L6uYm7Gvg.png,9739
task3/Ie56JmFnwUlneHFK.png,9Z09
task3/M9ge4DSNXoLYLQak.png,9789
task3/F3ao3pDX2JAlXRLc.png,9539
task3/0MLGrR754RLVWAwm.png,9088
task3/LhwD8ezO6l8XOCPy.png,8129
task3/MIuX666uHJNj5gZM.png,6529
task3/bTAqOWrJnImCWyvN.png,93M9
task3/Nq3QuXSF6a67AY0d.png,9552
task3/vGJ8FKWMU2g8MesK.png,9P19
task3/2Xu4BERq5dsWM11y.png,5Z01
task3/rR1vOyMsoqHHh8YD.png,9569
task3/UJStNV5NoXnPohUn.png,9659
task3/sEFwrDTjzrcP50rT.png,9Z03
task3/hCOLmY8pPGmrlQzC.png,9Z09
task3/0e6tTOlAm4s3zhnN.png,3Z69
task3/TXEJYzeAofHzEEe2.png,5549
task3/R5nD0WaLtughF6EU.png,1455
task3/4WIVVmHOuJEh0NE2.png,3349
task3/NSUBizWuYKoz6wbT.png,9539
task3/8OXizzRvRct2eUtt.png,0329
task3/PdztOLAfQzTQ4XNi.png,9236
task3/1KMFcLqb1qydZxiP.png,9669
task3/ajkRoqlZ1txQ0zJI.png,1029
task3/ndKtWWT9AEUN04va.png,4569
task3/u8tC3H0ntNzTJDDa.png,8669
task3/3gnhYg7urj6MzjVK.png,9459
task3/W649HPh7F33LUqKQ.png,0Z49
task3/zfGe24FRvurMbya2.png,9749
task3/IBCcr2hAYWqLg7FC.png,0246
task3/GKkO63UrtF8FoBry.png,0Z29
task3/NBKcSvUT7cU3r6ni.png,9Z19
task3/KNwqhZJ4LZqjxdUD.png,9077
task3/Xl2EVM72mAx0F4rJ.png,4239
task3/gq0LZ5kZ1xeuS1JE.png,9459
task3/W4lii2vsvX6y66uA.png,1767
task3/YfwfAvamEmHm4Twb.png,8219
task3/ywhyRVRA5jJpOY62.png,0Z29
task3/JLyMLvv6zgZOqsOC.png,9P39
task3/SvjGFGd36Bh4nYEY.png,9119
task3/jI7UW1ve8WA9iTRP.png,9649
task3/qqdUMuXCoNcBrBZ7.png,9239
task3/cHKhU1aaZpJh1MOs.png,2239
task3/qFcvELW8LGqTPzhD.png,6529
task3/ODZeHwXtgn4LfmTd.png,8682
task3/MvXuNB4ZfvsF2x3q.png,9569
task3/PUKcWmUmw8cUXZZA.png,9569
task3/MDlvJijq6PxXj0We.png,9Z09
task3/6i7PPfmyPA7kd2u1.png,9347
task3/wDXnpFKqcB2E20CO.png,0Z83
task3/b7pWGMb5ocOOrucL.png,9789
task3/AxUhPFIiEvHKtlC4.png,3239
task3/AoSwIqGhu96gkiwL.png,9111
task3/6byXoK4Bog7i2QVR.png,0239
task3/vQkm8cRWgBc9ntp6.png,9648
task3/Qi6w6RryLRdlsMlZ.png,9169
task3/1FcbTFEH3LyLmYnn.png,9067
task3/pumvOQAvzaOKlWi2.png,9719
task3/wwyAeK3OQ6oYPAhb.png,9672
task3/sOGWCMGZq9iHAElK.png,7679
task3/LGhfscSIf92FNDSl.png,4367
task3/51qtk8tUGyinfD7c.png,9Z19
task3/M8SklqPse5uRrlVb.png,7569
task3/AYuafmx4qou5HsGd.png,7366
task3/CfhJ4tq0z0KITTI7.png,4340
task3/XsH0toz3pAIYCO3N.png,4569
task3/53aswNkiCkYYc9cD.png,9266
task3/zkeq52TCrJleGdzT.png,9139
task3/jYjuBAqGl1cnY93g.png,9689
task3/d3hvyQDMbb3GMr4Y.png,9P19
task3/s00K7bZxnqww3Pi0.png,9583
task3/kfJqRPjnTdVGy3Rm.png,9455
task3/59h1MltcSQp8Nznn.png,9Z59
task3/kuzp8kOo2FHBDbmd.png,9562
task3/N8BxuyYEJ8T0h66N.png,1002
task3/guC6DdKVSrSc5FTA.png,9Z19
task3/B5x5pFKoxhC8CGHp.png,6789
task3/b3NNNKoZiGTfHnIK.png,9266
task3/fbHgvdYuGnK6frx1.png,1029
task3/ib3jyBxEwrLRy5nG.png,9Z09
task3/ERR4AUuTcrCPGpMx.png,4609
task3/yVukPslOSQG5UwiQ.png,9659
task3/7MmzrqAsiamEZGwp.png,0Z29
task3/6fUNfXWjieETVv4p.png,9239
task3/zBk6bFJ8yRkxCbQf.png,9Z09
task3/iTw6tyaL4YUUJWuX.png,9689
task3/dNG4YSWg5C6PiiFa.png,9Z09
task3/5si7u7Hn0C68qqne.png,4339
task3/HrKcPeH94xzm96PL.png,9087
task3/Kzp6VMG7CwRmiRK1.png,9789
task3/0cf5zlIL0alhhV1w.png,9Z69
task3/EQcoVyedUh6LyZmX.png,5Z89
task3/NHsEjMOf8N52LJZK.png,4349
task3/Y8L4TagjhUKri6t1.png,2119
task3/LPcGxOI9oYXh7oKQ.png,9309
task3/LiL95UbBLN7QtQ0m.png,9119
task3/ZgkZOPnCkLyl4dmx.png,9679
task3/2Y8ujqsBWcI6Rllj.png,9569
task3/Kh48Z7Pc9HJaSpQ4.png,0680
task3/RZlwOYuPs1uQetbw.png,0Z29
task3/KNWg3uninXLvpZej.png,9067
task3/EXVmN3xBqpQM2Hwr.png,0Z29
task3/5ggIQwGAXuxRkecw.png,6529
task3/UW37EQYSyg8xX6gc.png,0239
task3/dq09QudiwYCNKn3H.png,9319
task3/PWYyVGz8XOUgPdah.png,9569
task3/2ixGv1BpzAbCMtQQ.png,1039
task3/UFKDSc9mHSFBjBOn.png,9679
task3/oL03eZoT0ulunfX8.png,9Z04
task3/MuQdRIsYVdKjK377.png,7019
task3/410TKnmKzu3kdehD.png,9166
task3/uHEWPUNo9CPt9Yvn.png,0652
task3/IHfclP6Dae1zdjg5.png,9513
task3/n58efNEhGosFsSrE.png,9329
task3/IN2mwLNRoZQigBHk.png,7669
task3/wzAq2uQQZbzhJBAl.png,8Z19
task3/1jxprm1vxvvuCzVy.png,9Z69
task3/ESZje3LvK7a6Cs8f.png,1059
task3/S7jq6VeR2SIMKzvT.png,9288
task3/8tnqUX5i9BdGYEKQ.png,9619
task3/XWP0jyxyz7EDF4dP.png,3233
task3/md5CgU2s39Uj5j1t.png,8219
task3/l9eg8mfeWTo4IFaE.png,96Q9
task3/kUoHTDCb1CB6qwvF.png,9239
task3/6lwUBv7PMtK8QLBp.png,6566
task3/kepk1ui612TpmhKT.png,5459
task3/SDuKuKS7YU2SIEDP.png,1059
task3/AHhpONe1kY2H8e7x.png,2169
task3/kiT1NvhZeouRWrEP.png,9400
task3/dJuP6y7xsJW4JfZc.png,9559
task3/6qqJMAwHielugJW5.png,5789
task3/CMGQfQZpwiX4r5uZ.png,4679
task3/qHyfWkixEOVkH001.png,5019
task3/CYadtHgjb5nyE26j.png,9343
task3/Upq2nUuEphm1YKOn.png,7549
task3/o36QfImfjGTbmDGa.png,9649
task3/6Ko44oJenO0fEHGR.png,7369
task3/ZhmNcbCkS8Lzx4QK.png,9Z49
task3/BlyE7F6UrQk2fgui.png,9188
task3/9Bk9HXPNT61oI7xQ.png,9129
task3/qY8cZAyU1306p0IG.png,9022
task3/ztvnmS3LWMsP5I1K.png,3266
task3/CuwHwEFsrvDN7E7C.png,0Z29
task3/zoWoUeWCgGUht15y.png,9449
task3/IU3nJjUu8EJTWWun.png,9119
task3/ClowAeRu4wmO7O8B.png,9529
task3/gsaIkfV5FxcDsCbx.png,4789
task3/MXE6Av9zZ39GxAPw.png,9319
task3/uoBfVWDKT8joz9gL.png,9462
task3/8vVJFHaI6POCYKAU.png,8729
task3/6cRgfFJzDoVGJItf.png,9052
task3/Z939CF6FRyNuaGgx.png,8755
task3/yUiiKwLq8Qj6BEgi.png,5451
task3/FT6ibDoAztL3FqXP.png,3Z04
task3/djdrUtvmlRVOwJOZ.png,5755
task3/wPZbislmWKbjmqWS.png,9Z59
task3/ovj6lS10t1Kg3Knr.png,7669
task3/sUbA8rBGcILFL6Rg.png,5019
task3/2vIpNeN5UiYmPEj6.png,8279
task3/0AWNnXyuce8j9KSZ.png,9Z89
task3/UJw0F9zhrW1awPfg.png,1604
task3/mYsh4WVdASSYKiOl.png,9789
task3/KrM9rDNMjYVAwa6b.png,9202
task3/YVf2N49J1GtkhxGm.png,9400
task3/4X15u5VczobMrJ0N.png,9789
task3/Rz7QJRi3zEYvCJbo.png,9533
task3/2gfV331SY5ZUliqK.png,9129
task3/EGd5rhO8msSnHxfd.png,9459
task3/hJ6kEm1euTGDLt2D.png,9619
task3/VC43WMyiypi3GCgU.png,9369
task3/cpt0kEi3waI3Uz6w.png,9349
task3/ze3SEeUWjbeNXiTI.png,9111
task3/EP09YAI8ooiHDIL4.png,0016
task3/LNNlA3JgD9I8oDBn.png,9239
task3/OdI1U9HN7j2LRimC.png,9P19
task3/LVxfwrIpgnenWO93.png,9672
task3/CITP3zG9a1UnT90t.png,9305
task3/5yh0VRFpZt90HjQF.png,5059
task3/mduZMbUsWJKKHTQF.png,9067
task3/FvpRpK6EH4XbtjvK.png,9188
task3/PzIeK3oToUSZKYiY.png,9349
task3/Rap44BP3k4jsqsfj.png,9419
task3/6IGKtkLFNKOpJz7E.png,9789
task3/qsEMk6sPK2q5pHrh.png,9349
task3/XdqJjGbBJsGQRlPR.png,3749
task3/bRyparahc9yHWYvD.png,9167
task3/V81lNIZCLYpQL5aY.png,9569
task3/rbGTJEOibxXXnv1E.png,9077
task3/9WBpAEWWWqMGnJ71.png,9Z19
task3/hjj8sV0VbADOSLy9.png,3569
task3/Y1cckHqVbVlvphfN.png,9123
task3/Q8hByhIKH9OG3CTL.png,9319
task3/s51QHhkkQxtgsgt2.png,9266
task3/4h8cLZoaFH4l35Es.png,2149
task3/1EW5nwKxELD7BIAH.png,9549
task3/lVwj1LC3lDV30ENh.png,93M9
task3/AGX2oZLvo3KCiQNa.png,9Z05
task3/MeGIkyl6Zid7kX2l.png,9111
task3/O9Gxv9ctog9WvJI0.png,1067
task3/lLh5v00rwhvfzg65.png,8229
task3/47EX1qprlaKrFmEI.png,9266
task3/kZoyC3zeFt1BCmaj.png,9239
task3/tepfCZNDLTRvTsLc.png,9789
task3/bQ9qlEWONedEVj7i.png,8729
task3/k5lmR3xN9AILa3Zm.png,2269
task3/1kysCZdym7ESy7A3.png,2053
task3/xsSovdfxuqp0eaAg.png,9111
task3/lT9nozmoI3JhjRAH.png,9539
task3/vUtzniJlJKXN5Vtw.png,2188
task3/ZED3bhrdZ28ttFC3.png,8288
task3/RjGToGUHiP2MAlB7.png,9319
task3/y5H7BUg2b6LfquCI.png,9Z49
task3/keiIXhLJ2UN1xAJi.png,9Z19
task3/fbqGUDR9APzodflk.png,9013
task3/vhjYYm1CdC3X91H4.png,9Z09
task3/Qkp3sovQWtDcLldL.png,4379
task3/7KfJTDoqz4J0nwOW.png,9624
task3/2xkzqkvvMOLB2AJG.png,9Z09
task3/YZYXjmHG5e7uP5lo.png,9Z19
task3/tsalnQrf8BY2StPe.png,9679
task3/DxfmkxQex25tReJ4.png,9Z55
task3/L9aegb7R3SE3QGKK.png,4409
task3/YbAEZmr8WiVsA2BW.png,9649
task3/VZCwP7usqREoyHra.png,9533
task3/4k6ULbI4xQ6UEyUc.png,9787
task3/akZeSLuPter4aHC8.png,9629
task3/pW60lcqtp1TxpNjT.png,4349
task3/SmBo4WUxvslK9CFm.png,9440
task3/dc1pPEsoSth9J4Qg.png,9302
task3/PUJ6naBTyVvFckeT.png,9679
task3/Vzyold9wtD21H2sH.png,9Z09
task3/uvw0ulw5GgS9j8iE.png,9269
task3/2AckBBwB9BJYpWzi.png,9639
task3/muqZ9k0LChddN9OK.png,93Y9
task3/D7Bz3F8MmahaQ56Z.png,9Z19
task3/GqEWLdSufODyX0HO.png,9669
task3/7GcZ3gCiJhJ5Izrx.png,9Z19
task3/UZz9gESBo9nichSz.png,9459
task3/uvpJjy7IG6lJ7YVx.png,9Q19
task3/VQcHZypAd6pIvAmu.png,6577
task3/eKqDkQoznrmO1FBp.png,2119
task3/55nglWvB550zjt6n.png,9239
task3/WlUnrnR8eN087xuc.png,9673
task3/C6HCZS4t3joR2e55.png,7669
task3/nWhgUJpOpoOzrtRp.png,9Z89
task3/JAPG38cEa2uKHZZe.png,9129
task3/eMh2y3LosjGMvJuv.png,9Z09
task3/e7sGh8BrKRszd1qL.png,9549
task3/hnKZv8murLVaqFGL.png,5379
task3/BbEHcMNh2TBP4gOt.png,4679
task3/vyqO7S0GQOUJYQV3.png,9Z49
task3/06FuaBSk8CUdqkQv.png,9349
task3/dUkxBx6xReoZGdDM.png,9266
task3/JVyJNC0CYdNC3AGa.png,9349
task3/gt4caGPpi9PSBvmE.png,9019
task3/ha6yGvSz9VSPX08F.png,9Z19
task3/KBzo5UWkJihnQl3X.png,9Z06
task3/BX9eoSCzMqzx9Iwz.png,3239
task3/Ot7RD5ZKAi9SzQRS.png,3Z05
task3/5hlgNf2OVpqAoVte.png,1509
task3/iBzbwsU8uQDaI8uw.png,5419
task3/DTYAua83CUvhk0UT.png,9ZY9
task3/PougDqQPJxOzlXnt.png,9019
task3/C0Efsm5N5mZqz9EC.png,9Z49
task3/8a7Pa8HflqeP1ixm.png,9611
task3/a1KpCQB7V8SUfK0k.png,9689
task3/dAQq9wGXCIlRLade.png,9349
task3/4dfqbf2UdLhJw6uE.png,2Z09
task3/OSXSrkqo8CSXG4Ki.png,9139
task3/S1qCu65LGDzdHkZh.png,9235
task3/iC1KlyOfy5T3pS1k.png,8339
task3/xSRUIPU3g80o9qra.png,9053
task3/zdNozLfiCaHAWgxh.png,9Z09
task3/TwOhK1CbrFG4AMMS.png,9619
task3/vs8L7NMVBBRA38h3.png,9Z19
task3/CSLDGIrTBtQ3yqqk.png,5Z79
task3/fs5XWsAux82PILFG.png,2Z80
task3/rNwR6CQAqN8N8rjW.png,9459
task3/flWlmQw5vd3xWIrs.png,9179
task3/bsrYgYVbmPvhWQeR.png,9129
task3/yOgmsvogbrWjVvf1.png,9129
task3/LfNgGMhAhzP5x0ly.png,9569
task3/IE7mShoPIiIk8i8d.png,9238
task3/WQjM6bhHQH7buHrl.png,9019
task3/VbHzuJOSRJ8MCXLw.png,1729
task3/SAXG3opDGLh0Ie6L.png,9789
task3/Gp9VwaW42zkysaNF.png,9239
task3/ycpNWMyFtyG6NZiT.png,9231
task3/wVRB7SVQqgXQralq.png,9017
task3/sz52jNxMMu981RdU.png,9669
task3/NozZIwJKuhd83zHs.png,9349
task3/l86bUDP5NHiIAh0P.png,9Z59
task3/lA8P2JjgxgEJbmuv.png,9349
task3/6swlSn9sgEOu5VOb.png,9614
task3/niNtLNyrNxVmPtJl.png,9679
task3/3WnQKIm2orChb8ij.png,4339
task3/1gzyGBZh7lAuKG9G.png,4302
task3/40N2xGgG0rUmKtIz.png,1029
task3/D7lFPipTt17FmW45.png,3229
task3/Ih5uTAkJv4fxTDno.png,9649
task3/hxFWUgN7jNIxYJNX.png,9786
task3/4PIhETdp6Ukah7r0.png,9458
task3/R3rXjEnYKVI2r903.png,9Q19
task3/d2O8YrAIndDSTvdL.png,2583
task3/5J2nMOxz4e7wwQU9.png,8569
task3/E7zD0iUYuS6bW0Sj.png,4669
task3/irL6hMEQTwKLByPi.png,0Z29
task3/bHphilS2PkV9xvNk.png,0Z29
task3/6MKvOoxT67cFMYkz.png,9Z19
task3/qCaxgcMb3GYfqJE3.png,9100
task3/8zzd97E49ZS8jVPT.png,9679
task3/Vg2BmdsWiWFgFXJf.png,9749
task3/qxdbFJaID8HtkMok.png,9Z09
task3/vqdf7a6hYuxhlgf3.png,9784
task3/XI6IcgletukWxnNA.png,9629
task3/OF1Z3bY9hb1P5Yyx.png,9019
task3/CAY1Osold9aG3IkS.png,9Z09
task3/QWAgnziNvbK9GRoN.png,9400
task3/Z6jH5c0cXoh6aj2e.png,9644
task3/JWDIv3hPZNjabPUu.png,4349
task3/7twbdAliEDvQnBT4.png,9669
task3/lX0e2Nf2uyUtD9bm.png,9567
task3/C5OcFo0ZLXoTgfLE.png,9Z09
task3/hY24VlFgeVlASf0h.png,9Z19
task3/NeFTIM2uBKxMb6C1.png,6239
task3/y1VgNpJW6yn7SlVu.png,9116
task3/27u6okiQEIfr1doe.png,9Z88
task3/n9nkmatZL5LFoOpk.png,9519
task3/XXJnWeElUGuvt3Sj.png,9Q09
task3/BAF8xJqbmxJ5fHi7.png,3Z19
task3/hhcrNsgapNHLqZso.png,7Z69
task3/WCsZINeZBIeJjxgb.png,9709
task3/tT017VBj4R382zDn.png,9129
task3/aQniKGE6wSrd7iyK.png,5Z59
task3/Sj8iGG9yj8oNQLgE.png,9709
task3/8F5YRQykB1yL15RZ.png,9644
task3/The8u6AaIUL4ntgG.png,9781
task3/r44FDyTwgSxKFjUS.png,5010
task3/0hcg9fBQUGJ2kS3N.png,7020
task3/zr5bUgwMTEZnLhJe.png,3789
task3/SpSVWyNTWFpESR88.png,9459
task3/ndVWFi4o6eWGOsLY.png,9569
task3/scrCwsQKshbkw98b.png,9605
task3/zSfbY7QHZhpLbgrD.png,9129
task3/Km3IerZEn4ezx24q.png,9059
task3/SQo1XRy9rhWQcH8Y.png,9459
task3/dUJuLi1oQUeFwSGr.png,9619
task3/MRwzojUvDVVyXnev.png,9349
task3/pFCjANisDxjfGDml.png,9684
task3/xQBAGOPXNZtZ4IxA.png,9349
task3/dnWCICr9uNcT0lmh.png,0Z29
task3/7PbaWSCGcdus1e8h.png,9231
task3/JGswDHsCvFPhRfyM.png,6529
task3/nLaK1hoixbTow0Qk.png,9Z09
task3/fHe5FMzNsYmoJSZp.png,6179
task3/05nKs8UHcBG6kWrv.png,9789
task3/7whHMSPRdp2oKRr2.png,2Z09
task3/OtAD2X02zGKpHkzv.png,6679
task3/ZlefLFCmQexDNrJc.png,9Z69
task3/agXjUGzrISpxeGLR.png,9569
task3/YkIBNgFsUJOh6inF.png,2789
task3/AaJppOIKvWMJJWqP.png,2459
task3/XBFnIL2cLQXyW2YE.png,9051
task3/fTBXuA1bVfhQ9QVK.png,9400
task3/jsIavEqkkDqMDIJ6.png,9Z19
task3/KeMdtRO8sO9DXAl1.png,0Z11
task3/QskSJ2rp3RVMBBpY.png,8789
task3/UEwFam3IhIDOXkyO.png,9749
task3/AK0KOY5SY99eTDQA.png,8289
task3/6gztSZgztFSYIvWf.png,9359
task3/xvE0T7zzD0VJXVPA.png,9102
task3/Aja3BDns2se35sVm.png,8329
task3/yFNO0Puk5WULqc5h.png,9102
task3/0fXGic2WptTCYia4.png,9X59
task3/YBSGg6QlXtAT06rE.png,6569
task3/em03zGDGKlT1DnnU.png,9429
task3/Lgh0XX9kpRTgOnDb.png,9119
task3/v4taaE9h8d6Hh3V8.png,9569
task3/bCmR9Vx1xLbQmOnU.png,8348
task3/67sQCtcrWJrlMaTZ.png,9679
task3/ShE8UIcgd92KduWh.png,9239
task3/sLgEPIqee8NpIHSZ.png,9339
task3/mwxZ1paPHYBU3bZT.png,9679
task3/Nncgsep20wHNdXzr.png,6567
task3/EthQUXVbjNhBlqCZ.png,9Z19
task3/0YjC6hAGnDjJQe32.png,9559
task3/8l4BZUr4jH3GagHJ.png,9077
task3/NUd7A8d5EzxIbYcy.png,9019
task3/w62EmfEgzXzA2l0R.png,9Z19
task3/UBDRh2fj0rHrtoIj.png,1068
task3/DakjyTyC4J7x5PAb.png,9679
task3/xodsa5xe3NoFxhRU.png,9Z19
task3/ND55jYL8qYxq7jLL.png,9619
task3/EO6Pi7fCQVwEZBNS.png,9689
task3/ImAz07aRid5tyYYD.png,9659
task3/98mlONTGvS2lAwk5.png,9288
task3/KKiC0MLWi9ImBBDV.png,9169
task3/Ks3fZ8PLdapThMKz.png,9659
task3/lYigJNY7y4VtdLvb.png,2619
task3/NyIEMv97DBrfYZ2b.png,9Z88
task3/mWKgmAtcwBmNlVtF.png,9129
task3/D7HzDVrdZXEFgWcc.png,9P19
task3/8ccFfJnKObi05RMj.png,4Z09
task3/luiJAuFKSw7NgwwI.png,2319
task3/LOIQBqepomrfx794.png,4789
task3/zPyh29XqicjwCmEM.png,9Z09
task3/3PottCq3On7bb2Pq.png,9115
task3/I2rzRVmhBG5uLhDV.png,3255
task3/7yfd70nUmHbsvplR.png,7068
task3/Qk07andmBSpedkJa.png,1349
task3/HwxOi9Fz64sgmc1h.png,9000
task3/RpLMhM5DGmA5wXAj.png,7067
task3/zpOZV89Ta8SzLY3E.png,9419
task3/CUe0DS4E9RUsWjXi.png,9169
task3/AFuaX8wontLkKoOQ.png,4369
task3/Nj9oAJDdWchwFP37.png,9343
task3/5JyZWovypaOGwQji.png,5459
task3/Sxrh5HvpQgq8oiyi.png,2152
task3/5M2XXKDgc9DYghvA.png,9009
task3/gdG8QzBRw8SZIqcz.png,9100
task3/cnfny2fXRR6A4Wgo.png,6529
task3/koHqnXdasv96eJRc.png,3449
task3/5d0oFp7qcpYaDQIt.png,9347
task3/IBdaUD9tYTfvdjjR.png,9749
task3/HvZVFe6SDNTtuNAD.png,9QQ9
task3/zgLnJHIxmt8RRtdC.png,7679
task3/7Tq0hnNDzPwgs5jA.png,5Z39
task3/NVQGjTo1QTHhBEnm.png,9769
task3/8Hnta1Uvjl78jQkL.png,9ZM9
task3/ai5afqyo0kVXnZFL.png,3721
task3/alEMqCHBFKcTumxm.png,9Z09
task3/9widDBgl1oLIui9A.png,9679
task3/WRPymBDUzZMId7Vq.png,2088
task3/7P5LlNo1STlH7lAy.png,9614
task3/CAtzseqLV9I7505u.png,9459
task3/v2fWJooow9DbdDUA.png,4449
task3/ocAvy4nlyLuTgaQG.png,9239
task3/7269Q08qJyej0UO8.png,9189
task3/gyFPwbILePLMIpwQ.png,9389
task3/JJ8DkT6gDy7R7RZT.png,8239
task3/IoXb6KIiG9nBCiPw.png,9Q19
task3/6iXUqZIK96j52iFU.png,9789
task3/Rjo7vaLftYSoMbnS.png,9Z09
task3/19srCcapzLqM4Uzh.png,9239
task3/hGq27SNXkEyV8622.png,9067
task3/7J8BjBM48ZPBAGRl.png,9052
task3/ETDwVRVAvBACYeqg.png,9069
task3/5K9Rc1kWUPflh68H.png,9569
task3/HHK0Oog1mhecT9HO.png,9019
task3/uRE1ks9QEjmzQykE.png,9019
task3/ErEioMir3Np1RcFP.png,9679
task3/ontjNeLRHhCn5on7.png,9789
task3/QUdNeCZruZbDn8gj.png,9619
task3/VD8Dv7M9v4JDIAq2.png,1669
task3/0nEv9pGzFw5RX1rt.png,9ZM9
task3/qJxW57qreWPTk0Dx.png,9Z29
task3/9qfrPJqHeavMvcjv.png,9Z19
task3/AEF1Syvs0hsIWIDV.png,9067
task3/KpDMs1x2eMxMHEKx.png,43K9
task3/kbMyw6FezGnmsYSG.png,9409
task3/GFkFq0SeyAiwlzLI.png,9459
task3/KzlyelyAd2QqDlYN.png,9Z19
task3/3Taux2KxRpPdF6Mr.png,9Z49
task3/uH1F8H4CpiSmzPbh.png,9001
task3/Sl2A3O00wOCc8ubN.png,0Z29
task3/RcoNEsSGIIT7HRzY.png,9129
task3/CYWtfxMGnap05PoY.png,9559
task3/vLhwuoIgBJ5h6L5k.png,9429
task3/CbYCUThz3MaPBPCj.png,9339
task3/xX4yp2FNmmo7tyRM.png,3239
task3/QQmElNEmRCWmp0yk.png,6249
task3/kHBUeZHufRNqs7xF.png,9119
task3/W6Ik71vLm2EZUsin.png,4239
task3/auR6i8gfKkc2dfpg.png,9122
task3/U6bYE6G2cAPC9Gei.png,9729
task3/HP7FWM40neZbXysU.png,9Z19
task3/Or8jSBhyW5IssDuD.png,9Z19
task3/KdxtArBfe1p3TJmP.png,0239
task3/rlpEiUKhwH33eTcd.png,9114
task3/UuIOKHmMvz9qDt3R.png,2169
task3/42AwuKvLKi2F636B.png,4129
task3/DAP6eyRldoQHZdw3.png,9Z19
task3/nHjK7AzvGM3JvOWV.png,4339
task3/2dNSDbhDmesbxh4j.png,9569
task3/MsUPsd7YM0G0ygsZ.png,9649
task3/PKrsjWpQjR8lbeGW.png,4349
task3/YGloD58NYWXCNnnG.png,9459
task3/Kz3jPJ8nVIggMk0O.png,9569
task3/tL2pRBgVeWDP4eor.png,5533
task3/6D2qA1uj9vIZ4HKU.png,9Z55
task3/Pvznseq38MLqjyO3.png,9129
task3/6QYCpFNh1DXrpZkH.png,9319
task3/CBM8NOEj5TrLgTfn.png,9082
task3/mjmq3ckg9w3E1fda.png,9122
task3/cpeTctcEjp1drGRR.png,9Z19
task3/oZLOBCmIGiZV4q3m.png,9119
task3/y7mdZMLfU9Q5bqVt.png,9679
task3/7cfyGOKB5IqToWYE.png,2Z19
task3/ZnBDLKXLv2NHxpNk.png,9077
task3/iHvlQPHk9Tf60KPS.png,9477
task3/rPNIBzWTlP5P86bw.png,8279
task3/aU2UlUoiYetK1Fkh.png,8369
task3/Mhbw8e4dafY3IjWV.png,9175
task3/sdu6qCFmOaGgh2oy.png,7669
task3/FOprgyhxulVYWm41.png,9349
task3/AX7RVBqyRFrHJoRW.png,9349
task3/4uMgBviiDfS4qoJ6.png,9Z09
task3/xaML2h989pHYoW21.png,4367
task3/6ZimWQOG2eYbR09G.png,5181
task3/251YPVcIB7WRrzty.png,3Z19
task3/d7SMlX064GM1SkNK.png,7019
task3/PildReRGAlGy21h4.png,9589
task3/jQSScGboIxfmgYT1.png,7349
task3/YZhVEvhTNXGoF7FQ.png,94Y9
task3/9TIPQnKh7zkbqZwc.png,9779
task3/tthBr2Uq9JWDcAbU.png,9Z79
task3/l4YPdtki40BsdbuT.png,9231
task3/c79HPgTXrJEwNUXZ.png,9675
task3/bOO5M9X7Zz1yQeed.png,9719
task3/OZmZ0RiPB05ClKoM.png,9439
task3/eRduWGDQXheUnuH7.png,9019
task3/K2mRBY5TZkssx0wB.png,9Z19
task3/rvmXQ6hCT08H5LRA.png,9129
task3/1YfMz93kJqgGZGa3.png,8229
task3/6lJ2M2QKtWwyBmdV.png,9509
task3/U4L5Jk7xXi4065gc.png,9067
task3/SpuDrKbigCH02wpN.png,91M9
task3/zcTIYgNd7f1Tfp0E.png,9100
task3/aOtlhZX3feowLHrJ.png,0179
task3/V6Hysa2jVJyTMpmg.png,0568
task3/Y3np7PXG1fRDJ040.png,5239
task3/i6IFnI4tTckHkr1w.png,9533
task3/9UxYGNT5clDnEnL5.png,9749
task3/7MPvkqI7ukrOCWbZ.png,9349
task3/17b7vup7kGJYgll3.png,9Z29
task3/6s45EpL6n9lLnChr.png,96Q9
task3/2NVNCRZvvJvw2CN6.png,9ZQ9
task3/SsPnhNlH44vFgHku.png,9688
task3/cFHRNIekIqmnoiiw.png,1349
task3/n4cGL4LwdVSuhiq4.png,8711
task3/38JcfBZxN2GfvDUM.png,9089
task3/7K8ws4kC0XEcX7Br.png,3769
task3/4J7omw35O9zfZhAE.png,9711
task3/QBxVxb2HjrVE4hCo.png,9614
task3/U11I6VTCwXsPKw1h.png,9569
task3/3hTBBm1cGTSdNNDl.png,9719
task3/HSkdkTRkM5B3hqEB.png,1Z07
task3/wPVxke26X79zMkdX.png,9619
task3/AG5f0aXvgMpakzWh.png,4309
task3/SKqMyJTOQvMhMqVM.png,2119
task3/495dNrGJ7IMQ4MUk.png,9P19
task3/ZrixSddbrYurLaSE.png,9600
task3/zoUOknOpLQEQe5X8.png,3269
task3/SCcin58zuOEQXDYT.png,9500
task3/sLdUUtmRgwyJWGxG.png,6569
task3/sFuiKmfUaQfuC70o.png,4Z03
task3/94Rstwst3hz1CQIs.png,4533
task3/urcRLw39UPn4YHkj.png,9012
task3/yLjlWhFzPgnDuUzm.png,3564
task3/QoN7gEguj0j7lz4K.png,7069
task3/B8jcGTEtO6fED6kk.png,9459
task3/ZQR1GeqEQkxr8SVN.png,7789
task3/evmoVdKtp0BH4HZT.png,9266
task3/yvH30BzNhihjdwlo.png,9781
task3/gBpj7Q7i1S3F69NM.png,9665
task3/rCbLi0tZvK55D8Kv.png,5089
task3/0tiHNuI7wsx7XdvG.png,9679
task3/vDrJqoDuY43Y1CMl.png,9614
task3/mckLZFJPG854Xrxo.png,9051
task3/621rtPFFhxsoHTum.png,9349
task3/8ze0oUx3SpmFpDHc.png,7Z08
task3/T4abJZlwu4tpM60X.png,9500
task3/2i2YCG7TvoDEwocS.png,3239
task3/wbFu6z7Qi46k9LyY.png,9679
task3/L7OZy75Pm1nH6f0q.png,2119
task3/GHLqcKmQ8pAscWEt.png,9629
task3/JGbuFXsHQU6B4b3w.png,0189
task3/k1zrbhBytzO1tRib.png,6568
task3/TwgQLWrY1mvXHKzN.png,9129
task3/JXpVonw3R66oRv8D.png,9302
task3/bdrOh9jJvD2lyotA.png,9679
task3/n9yjcJg2cP4ZWAqZ.png,9Z19
task3/0VkfvM4ejtt3xb31.png,9266
task3/q5dZQa42qp6wUp5L.png,9266
task3/wdV2DIuBhEaEAGnl.png,9129
task3/UPVtYDFqhAol9y8L.png,9Z09
task3/woyRupWquFF6Etl4.png,9789
task3/pnYZPDEGj3ZSo1A3.png,5363
task3/VsslmgCfhuNdbt51.png,9119
task3/kLrgDqHxsKaA6UfG.png,9568
task3/iFupFepuMZloPi3B.png,94M9
task3/UZGd8GGkn1iyYz9W.png,2169
task3/MkNwzozw3nGf8RLm.png,9059
task3/r6uGomUHllU0MWEG.png,9239
task3/6VmorTsimKMqHymn.png,9119
task3/RvxaaEpvRewa0GL7.png,96Q9
task3/hEQ0WQtB9B7j8C2f.png,2169
task3/KJyzK3dwz9A2sR3b.png,9569
task3/CwqJIaE5OkLMsEE8.png,5029
task3/08OU3QFXfWv6M0zC.png,9459
task3/fAi7ZSFNpPAwE4oD.png,9459
task3/YupibsqqiUonyGeo.png,9129
task3/2DVKukaar7oXnySb.png,6569
task3/yL2z3hZFJiEo21MK.png,9Z09
task3/kUIa7NycEZfw8HuV.png,5Z59
task3/sQAnbNBpBbr4TUPP.png,9669
task3/zLuYCXKEXW8n8SCA.png,9680
task3/e0WrZrisNEgG46ur.png,9Z49
task3/3NV8UcgjpeVggNJS.png,9Z09
task3/W5MUm7d4hDNYVZVB.png,9569
task3/IEGe76RWxfbpYGOg.png,9459
task3/say8AUlJdLGgdkCv.png,8229
task3/4LpOPZngT4NxlPZS.png,9236
task3/G34A0bBRvtgTjRKY.png,9Z46
task3/NduqwLaRzBqEHJ09.png,1129
task3/eohlPMOHCO4MDaMR.png,9573
task3/GUTdvSw2S04get5P.png,0445
task3/77QKxRNh6re7ZdPZ.png,9067
task3/iIcQPZzugVvqYZLP.png,1639
task3/71FeZtbeH11Dh00g.png,9539
task3/KwB5iDKJlgPUbXNa.png,9783
task3/7CEdECy4xUp7FlA0.png,9649
task3/IqpAGCVif4QrUFuD.png,9019
task3/B0p5vZn0NsJLIkfQ.png,94M9
task3/LcidpV8GIztzRhO1.png,9569
task3/d0KUOPYtimTkXnoO.png,9Z01
task3/M27X2bcSkSyGOf20.png,9288
task3/S2IbhReEina3sktr.png,2188
task3/xfU9gzc8CThHOl8z.png,9129
task3/ypfM9cBpyrO1sPEA.png,9Z29
task3/U3Mrm0CkExmxVjqc.png,9349
task3/fU8hEYlIuUjVFzlI.png,9119
task3/xCQpm6rfaxewKsOn.png,93K9
task3/PfJDfWjsXnxIw7Wj.png,9439
task3/RQsGCeMqUz5sFFlS.png,9789
task3/FpS0LrNObVFvxUe2.png,4349
task3/uSKeRbLIj2bD5y19.png,9539
task3/XhpYOyyOBcQDMzY2.png,9P19
task3/gsbyhBNuMiUWoonX.png,9679
task3/nrDNnkMBbMiSgjoR.png,7019
task3/mFDdl3bkNkDhSec1.png,3019
task3/iumlqzbKdpkjLq8M.png,2100
task3/0JOX4dCun7iRfeip.png,9232
task3/OldUY6Pz71hQUe9u.png,3261
task3/Ig4fd20CskyKFgIj.png,9749
task3/pfUVTgORVQ2Fx2Fc.png,5139
task3/AsHgQr4jAG2Q1ZCJ.png,9172
task3/SA5NCvRhkdViG06X.png,6019
task3/Bbt96GM5sR3xcQL8.png,9P49
task3/syGVDwliodKwJvJJ.png,9549
task3/nl3RjGR0wYLYzK5a.png,0686
task3/EcoTAoDb4Ruv0Q9f.png,4Z09
task3/pdJZJ0anO6XIMZGb.png,9013
task3/VR20G8a0fRY44cJB.png,9459
task3/HKYBt4SKxYXnt2PV.png,3789
task3/xY75Gglk4i9lbNyX.png,9239
task3/xxiKo7U1QGUlRWmb.png,9Z01
task3/Vccrc8hRK9ZCc16I.png,7669
task3/bKeCBp494BrMNODc.png,9ZQ9
task3/Ca4OJq9dA6PAT5VP.png,7002
task3/xFSFYibmSY2esM1H.png,4087
task3/XDKyBNydWbCVAkri.png,9689
task3/l44IwIE5Xhv3DtIs.png,8374
task3/DzIFWlyg2D6cqvwC.png,6569
task3/wvjV8133LZ20BtWY.png,9569
task3/fCkUpoz5CAEJhTuY.png,9614
task3/A9oRfud30IM10Okk.png,9161
task3/YBzln4w0IpIXP1GN.png,9629
task3/1IMTFGTaaQiySSOB.png,0Z59
task3/Nrh1XzOpDpYEy12k.png,9459
task3/bVBVNZaZiTQsTmCD.png,1569
task3/PcqoC83rfb2Xk5dF.png,9539
task3/sfdcgwJSjIgunRSx.png,9619
task3/EoPbaUb48WMwpeGO.png,0789
task3/UcjA7CW2ADIeqeH6.png,9669
task3/PqRbEC7DGjxGWJlJ.png,9735
task3/ckctfvj0WKn62n9g.png,5220
task3/AstQDAs3AYLcPiqM.png,9Z16
task3/7HeEWySAlcmZP4qh.png,9549
task3/99LkE3Vvo0JciBsO.png,5139
task3/xjTlVZtNJcvAdbPh.png,9589
task3/zPUOL4Y0xmg03VJG.png,9769
task3/jpimtYn2xZxj3oWH.png,9Z69
task3/mUpxSABXHeNlj6RI.png,9649
task3/vdwJ7QzUsYGdTrgj.png,8529
task3/WPmkucU1V8dTKEaU.png,8779
task3/AU9CSrCUJchNY6WP.png,9129
task3/vbc0zLYaFmnuMJDh.png,3269
task3/15NaHIVWRbQ8YiqJ.png,8Z19
task3/xCBC7PouqAPS5X6y.png,9019
task3/2e5MMIPBLbjc7xT6.png,9079
task3/AxAY7WBAifEC10cI.png,4339
task3/WJvGo8Vsz3ZY6QvI.png,4348
task3/ZXS5j6Zh74zlia4J.png,9339
task3/r2GRtYUJNNZ0Qjfq.png,9569
task3/4O4EYLnhk3BuZWPG.png,4019
task3/X9zaZ1vUdkBeR7X0.png,9Z19
task3/29F9T2T0Ub2ojwqS.png,9458
task3/btKFiUdueTGOu1Vy.png,9349
task3/18AgMUFmzwIIgIfN.png,9279
task3/L5h3aGCtNIFbCrBM.png,9067
task3/zqZHo8OSubEZ9nld.png,9459
task3/AM66uXbvB7j6TSlS.png,9019
task3/bKw0WWL6UVhnwgEg.png,9629
task3/6Vt7FJ9X6p2TQDL4.png,9Z82
task3/B8LTZiXK9iL8qByU.png,9116
task3/5iFkl3X4OlU26s8m.png,9519
task3/owEYICfqr85Z2DEF.png,6669
task3/OqEMCwoLUWS0lmNQ.png,9644
task3/oKiceldWCztD1c7d.png,9121
task3/blhm8x0ncivXzT7a.png,9Z09
task3/UtWfiHdFJfU2Lokp.png,9529
task3/gt3Ci9lkpKXgq9fL.png,96Q9
task3/Tt92rxNFtl10IRfU.png,9679
task3/GnlVyRwayVb0c5o9.png,8761
task3/xekga3qy7KR1LNop.png,4319
task3/CLFAblkq3QwzeMsI.png,9Z14
task3/MwkCARDMM9zMCP0E.png,9Z09
task3/v2DHRm51IT0Eubj9.png,9189
task3/jvDesTLpjCc76ZZu.png,9562
task3/VW0DURn2FnWwKuZ0.png,9019
task3/rl1tfZO10Cuo9LT5.png,9P33
task3/OH5HEGIUaV7TB9zf.png,9Z39
task3/KXdCVSOUeUkk2Mn3.png,2183
task3/9jsdbSSCSBXVuS62.png,1Z09
task3/0uOc8dDmzaQPMHWa.png,9017
task3/H6lU12mezyTpilZN.png,9123
task3/7QJDDxFE1L4b9vLw.png,3Z39
task3/9YcVH67zbjgsm3Pf.png,9739
task3/P1QApWowfYw6F5VM.png,1269
task3/anVGkUuHT4vATHXM.png,9349
task3/35rAvlGVROTY21xu.png,9Z09
task3/Iswnuag7U7PJ0dfr.png,9669
task3/qCi4aPNTMBkfv4kU.png,7449
task3/KYQLWrK7qfGbMORv.png,7669
task3/1HIXkBYNcfDbZTXH.png,0Z27
task3/6UXU1oFP86jWHlOE.png,9Z09
task3/akKZ3XdJ2BsMBn9z.png,9188
task3/GCwjl8LtcihZph9L.png,9239
task3/sVmb42WU8XqgpVwe.png,9719
task3/GAMpX59Tt7IOwdhU.png,9349
task3/jsuwoX5yu2Xev1Dy.png,9689
task3/hTT987wt7tQQEOIt.png,9Z19
task3/y30Yap8olHlURYKo.png,9711
task3/UYpnuBL67z4jN4vk.png,4319
task3/GttXnivvxv4uNkGz.png,0Z14
task3/ZCp3eiBSWYrfBk4g.png,9759
task3/kZw9bphzVF0OqvDB.png,9129
task3/E8cVfdEFB4NRU9iA.png,9Z19
task3/p9MYMeFSEnr7nchd.png,9789
task3/gs2JUA6ZQFVgpAIy.png,9Z09
task3/tVbwsNh2uew9zJNF.png,0784
task3/abrdDwy2rxFVqR9L.png,9789
task3/5rndsfJgGpDRJitZ.png,9529
task3/k5a9CcCkBL41rmpQ.png,9711
task3/1xKwacVKJUgAOHDR.png,9P69
task3/rlRmNIcVBNp2EVy0.png,9619
task3/OienBxbuPCmDQ3nx.png,9449
task3/d1rISz488Audd4te.png,4705
task3/cyGA0QAsAdmLJpCr.png,9549
task3/n2S3P6hfPFw38X5i.png,9166
task3/QveQChKBqyyI4NTp.png,9619
task3/kI9pXEEyxvQKaHSr.png,9PM9
task3/780JIRjzcWaeMRJl.png,8231
task3/dBuYQBAEfVtGZyjG.png,9429
task3/sH7gjgBMSrmBTC4P.png,94Y9
task3/W0wFIqe605Sohxix.png,9439
task3/HPnrQ6YYwzc2RPBi.png,9Z19
task3/nQCVklhvIFmCcyJL.png,9288
task3/mO3ayAVaHcLIiAb1.png,9563
task3/GT60PTSyQ115EgDu.png,1329
task3/4fsG2wzFUu9k2UFT.png,9236
task3/myrWBnGRz3emYmVs.png,4349
task3/7g4iyMblFm37mSSp.png,9Z19
task3/faEstldpvlcjBjdO.png,7349
task3/g2Wl9m4J25MmrfWc.png,9019
task3/qqVKJyAq59ySApNe.png,9Z19
task3/xhoeM1Kg60F9Egwv.png,2238
task3/zelTOlTGuQcm1oym.png,9689
task3/6G8zMFfF7Zzj1Kj3.png,9Z69
task3/WaZZRLL2RLg8cfvS.png,9679
task3/cb2kOWboIU0I9ArX.png,6679
task3/VeotWlHDUngDLGsL.png,9719
task3/NcMBSgpBKeQ80xQL.png,9533
task3/jb2YyDm93Mr6u6m5.png,5276
task3/8vmyH9tcMFW3KMsW.png,9459
task3/KmyQFhbMp4ycUm98.png,7566
task3/nMoSVZLs6VpBjUgd.png,2569
task3/gXQkTpWTBGwBa1Ab.png,9459
task3/cXBlxYfvQWbiK7dn.png,9509
task3/dmgtwuigPwjmZq4L.png,2Z09
task3/lYRfNlQZNXdwk7AD.png,9773
task3/OXih51KWKJ4xY7lN.png,9789
task3/96DkPCL0nOFQTBER.png,9Z37
task3/mOf8P3xXqUxV5wP1.png,9679
task3/N56HZPmAGPP5TMYK.png,9659
task3/0hiAX7Zcoxn3nIva.png,9789
task3/vWfvwCrzSFkNLNiI.png,9231
task3/tCKG9AP5i2xDY8ZS.png,9067
task3/8cZJdtIUvcIlnakV.png,9767
task3/TvAmiRuom7IYnqwo.png,9239
task3/KpxKYsqWIdNveV5s.png,9674
task3/Wx21bCfC2AkIPrNB.png,9459
task3/DsDa4EPrGkjVhPLf.png,9789
task3/8oF4EGBKW0EybpSq.png,9Z09
task3/ZjE1igzVUS38LxvY.png,4149
task3/siFASLPy4vnPz2HL.png,9669
task3/mJ7vRO0q0N4vFerF.png,9459
task3/KcSZxvrrT0CD5ZjM.png,9Z29
task3/74ejFXnkhKO26Khz.png,3761
task3/SKIcsJOedkTU29PB.png,9Z09
task3/st2rHVmcKrGNWUXl.png,3679
task3/Qy4ZzsRsaK03u8UW.png,9649
task3/zNJ4sBuPQvoyiEAv.png,9459
task3/1kfQZsQVEcsoRnXF.png,6569
task3/ytQo3njrOTfEaz16.png,9675
task3/mwsvjDrQ06mdFCxF.png,9519
task3/oscUi5ms5F1naTVw.png,9Z19
task3/jqqP8c8sG3M4SAIW.png,9129
task3/hxXboo8UMFrLuHvc.png,9067
task3/dMX3uAKNUjvpb2xl.png,9188
task3/Zz6bSMkd7QGSxlgY.png,9Z69
task3/s6z5TykCIF0TuF9L.png,9655
task3/wHoChnQ3typVTsdO.png,9343
task3/TgfOTfEsNslQ8r69.png,2119
task3/jkb45bf732AL4OGS.png,9719
task3/tdnKRNsWs0Y5wYOU.png,6Z29
task3/a1OSA7PnEnQ2aWqU.png,9419
task3/5yj46xy8LzAwlJOv.png,9781
task3/iScv1iMXeA7rzbcD.png,9459
task3/39FlGRsXgNNaYCIf.png,0Z49
task3/91Mp6COWVBF3n2TE.png,9711
task3/kBV5qtLJ71wPCOZY.png,96Q9
task3/jzqMpwlRbCuJjhWe.png,1022
task3/5gbQyqD8Vz1AdY72.png,9539
task3/A3WrOc2Od6Ae0x90.png,9749
task3/mJZwFN6qbnHR3yeE.png,9Z09
task3/tigovyVoTJDxho1D.png,9188
task3/Wq4Nj9cMPwNHf73c.png,5551
task3/uyxOoSg0eBhGY6uy.png,1519
task3/t4ALhfzLrBrd24Ac.png,9239
task3/u3eaL92vfV6lNW7m.png,6659
task3/wzYk9nciA3cUXA1w.png,9232
task3/eYz79jtp2j7cGgNv.png,9569
task3/UmOBKx3cPw7E6evo.png,9059
task3/4iD4uqQ4uyI4j87r.png,9459
task3/j0OtR2RFVuxjPnOf.png,9019
task3/vqxxjuQM21rmYEcf.png,9233
task3/BJLr9qA26q1ca8XA.png,9359
task3/yzBy9uvuPD6lVHb2.png,9689
task3/Nhmc6eTFMKj3O8xX.png,9Z19
task3/DJ8Mqmus1ESrlAAc.png,6Z09
task3/KPed6rmympI2CgdZ.png,6055
task3/NtP0C7peGTgazTwj.png,9569
task3/oKOsyJ5TqnwsRVpg.png,9010
task3/T4esF9eWHj7KNi0E.png,8568
task3/MiHBCg8NBhVf9Cg6.png,6509
